{
  "experiment": "MHARS Machine Adapter Validation",
  "machine_a": "CPU (id=0) \u2014 trained in Stage 2 & 3",
  "machine_b": "Engine (id=3) \u2014 new unseen machine",
  "lstm": {
    "rmse_unadapted": 0.14315774755354543,
    "rmse_adapted": 0.11026017869756381,
    "rmse_scratch": 0.09773708335941586,
    "samples_adapted": 100,
    "samples_scratch": 2000,
    "time_adapted": 0.14218807220458984,
    "time_scratch": 1.5757710933685303,
    "improvement_pct": 22.979943047565
  },
  "ppo": {
    "avg_adapted": 13.55583702359147,
    "avg_scratch": 13.55583702359147,
    "adapted_rewards": [
      -0.537380338153028,
      -9.114703044953576,
      46.95514890881213,
      36.456072828317716,
      68.26117516612221,
      -6.589795537513733,
      -2.8064088354688144,
      -1.3383358923058566,
      3.0819804612801214,
      1.1906165197775422
    ],
    "scratch_rewards": [
      -0.537380338153028,
      -9.114703044953576,
      46.95514890881213,
      36.456072828317716,
      68.26117516612221,
      -6.589795537513733,
      -2.8064088354688144,
      -1.3383358923058566,
      3.0819804612801214,
      1.1906165197775422
    ]
  }
}