{
  "experiment": "MHARS Machine Adapter Validation",
  "machine_a": "CPU (id=0) \u2014 trained in Stage 2 & 3",
  "machine_b": "Engine (id=3) \u2014 new unseen machine",
  "lstm": {
    "rmse_unadapted": 0.13337199087198467,
    "rmse_adapted": 0.15490651712939033,
    "rmse_scratch": 0.11486029116561351,
    "samples_adapted": 100,
    "samples_scratch": 2000,
    "time_adapted": 0.13165783882141113,
    "time_scratch": 1.528959035873413,
    "improvement_pct": -16.146213396540865
  },
  "ppo": {
    "avg_adapted": 500.0,
    "avg_scratch": -3.012072646500566,
    "adapted_rewards": [
      500.0,
      500.0,
      500.0,
      500.0,
      500.0,
      500.0,
      500.0,
      500.0,
      500.0,
      500.0
    ],
    "scratch_rewards": [
      -11.742615213703651,
      55.809944703289915,
      36.48607821075003,
      21.93490297889646,
      -68.797806913014,
      -15.78452133265403,
      -1.4464109207345395,
      -12.991809146338095,
      -10.18467314435742,
      -23.40381568714032
    ]
  }
}