{
  "experiment": "MHARS Machine Adapter Validation",
  "machine_a": "CPU (id=0) \u2014 trained in Stage 2 & 3",
  "machine_b": "Engine (id=3) \u2014 new unseen machine",
  "lstm": {
    "rmse_unadapted": 0.14069033138310344,
    "rmse_adapted": 0.11545040199707286,
    "rmse_scratch": 0.09810435008725636,
    "samples_adapted": 100,
    "samples_scratch": 2000,
    "time_adapted": 0.06822609901428223,
    "time_scratch": 1.5393164157867432,
    "improvement_pct": 17.940059660035622
  },
  "ppo": {
    "avg_adapted": 500.0,
    "avg_scratch": -12.558168629671952,
    "adapted_rewards": [
      500.0,
      500.0,
      500.0,
      500.0,
      500.0,
      500.0,
      500.0,
      500.0,
      500.0,
      500.0,
      500.0,
      500.0,
      500.0,
      500.0,
      500.0
    ],
    "scratch_rewards": [
      0.4383635810678346,
      6.546387986366646,
      -21.16203516695333,
      1.8599797066566133,
      -9.57950305395289,
      -11.479385989021782,
      -81.92454874259742,
      -13.442586147267663,
      -11.517197301013937,
      31.94287962681681,
      -31.841041045406918,
      -7.499518099469481,
      -6.389149754546523,
      -21.100792493415632,
      -13.224382552341677
    ]
  }
}