{"threshold": 0.8959223628044128, "mean": [1.2064759731292725, 0.3598771095275879, 0.1974848359823227, -0.1694110482931137, -0.5594044327735901, -0.4093756377696991, 0.0984325185418129, 0.06732895225286484, 1.2885839939117432, 0.5402734875679016, 0.5332339406013489, -0.446587473154068, 0.810046911239624], "std": [5.173675060272217, 5.166903972625732, 5.582727432250977, 5.753231525421143, 5.607401371002197, 5.817645072937012, 5.7442946434021, 6.1062703132629395, 5.267776966094971, 5.782761573791504, 5.725224018096924, 5.85426139831543, 5.259082794189453]}