{
  "threshold": 0.00025125639513134956,
  "seq_len": 12,
  "input_size": 5,
  "hidden_size": 32,
  "normal_mean_error": 2.3728736778139137e-05,
  "normal_p50_error": 1.6826357750687748e-05,
  "calib": {
    "p50": 1.7733680579112843e-05,
    "t": 5.485674992087301e-05,
    "z_q": 0.0004803958721458912,
    "xi": 0.12915646890855254,
    "beta": 6.098647280534274e-05,
    "q": 0.001
  }
}