{
  "mean": [
    0.006888041738420725,
    0.005950101651251316,
    1.1719435453414917,
    2.427856206893921,
    0.019578058272600174,
    0.02149755321443081,
    0.6658872365951538,
    0.5794011354446411,
    0.21231403946876526,
    0.6645012497901917
  ],
  "std": [
    1.8188881874084473,
    0.7924739718437195,
    1.4076465368270874,
    3.364825487136841,
    0.05009017139673233,
    0.02255779504776001,
    0.3266768753528595,
    0.31710153818130493,
    0.10270050913095474,
    0.09273781627416611
  ],
  "n_features": 10,
  "n_classes": 6,
  "classes": [
    "Normal Operations",
    "Heat Spike",
    "Bearing Wear",
    "Fan Blockage",
    "Sensor Drift",
    "Power Surge"
  ],
  "val_acc": 0.858
}