{
  "mean": [
    0.8748410940170288,
    0.022689420729875565,
    0.5047275424003601,
    100.23188018798828,
    0.0023182828444987535
  ],
  "std": [
    0.24941188097000122,
    0.009233822114765644,
    0.0025724568404257298,
    0.10285211354494095,
    0.0010285305324941874
  ],
  "n_features": 5,
  "threshold": 0.03945145383477211,
  "calib": {
    "p50": 0.0007377210422419012,
    "t": 0.003553179791197181,
    "z_q": 0.093653225004673,
    "xi": 0.334462930436069,
    "beta": 0.002489596661648046,
    "q": 0.001
  }
}