{"mean": [1.3269191980361938, 3.9792895317077637, 3.235895872116089, 117.3427734375, 0.5999940037727356], "std": [0.5208466649055481, 1.6169368028640747, 0.3961303234100342, 16.075342178344727, 0.3295306861400604], "n_features": 5, "threshold": 0.01163153350353241}